name,result,processed,isValid,listCount
asmt_assessment_instance,,FALSE,,
expert_panel_variable,,FALSE,,
expert_variable,,FALSE,,
question,,FALSE,,
sc_cat_item,,FALSE,,
sc_catalog,,FALSE,,
sc_category,,FALSE,,
sn_actsub_activity,,FALSE,,
sn_actsub_activity_type,,FALSE,,
sn_actsub_subscribable_object,,FALSE,,
sqanda_answer,,FALSE,,
sqanda_question,,FALSE,,
sqanda_subscribe,,FALSE,,
sqanda_tag,,FALSE,,
sqanda_tag_entry,,FALSE,,
sqanda_vote,,FALSE,,
survey_master,,FALSE,,
survey_question_new,,FALSE,,
sys_attachment,,FALSE,,
sys_search_genius_result_model,,FALSE,,
